prompt,sample,generation
Linda was on a walk in the park,1,", but when she saw him, he said, ""We can't go into the park again.""

The man was taken to a hospital, where he was taken to a hospital where he was treated. He was taken to a local hospital where the patient was taken to a local hospital where he was treated.

The man was treated for a serious medical condition, but a doctor told him"
Linda was on a walk in the park,2," at the time. She was wearing a blue dress and dark blue jeans that were on the back. She was wearing a black t-shirt and a black jeans. She was wearing a black T-shirt that had a blue shirt and a white shirt. She wore a black t-shirt with a blue shirt and a black T-shirt.

As she arrived back, a woman of the"
Linda was on a walk in the park,3,", in a lovely sunlit room. She did not appear to be bothered by the sight of the little little girl, but she was quite fascinated by the little girl and she liked the way she looked. I was not afraid of her, but she was quite content with being a part of the park.

I remember a little girl who was generally a little shy and would usually be on the"
The history of the Roman Empire,1,"

In the United States, the Roman Republic played an important role in the development of the Roman Empire. The Roman Empire was a small part of a large part of the Western world. (In fact, the Roman Republic was the largest state of the Roman Empire.) The Roman empire's population was about 1,000,000. The empire was well-equipped as a government and government. The"
The history of the Roman Empire,2," as the proprietor of the King’s army is also a testament to the power of the Roman Republic.

In the New World, the Roman Emperor’s empire had been at the forefront of the debate over Roman rule over the empire. In the Middle Ages, Charles the Great, the first of the British empire’s 11,000 men, was the ruler of Rome"
The history of the Roman Empire,3," was never aUntil the last century, the history of the Roman Empire was never a until the last century.

The Old Republic of the Roman Empire

One of the most important facts in the Roman Empire was that the Roman Empire was in decline. The Roman government had gone into decline by the end of the 19th century.

In the early 20th century, the Roman Empire"
"In machine learning, a neural network is",1," formed in the brain so that the process of learning can be carried out by a specific application. For the first time, a network is formed in the brain. By regulating the process of learning, the network is able to be effectively engaged in the development and development of new neural networks.

In the developing phase of the Internet, a network is formed in the brain which is composed of a number"
"In machine learning, a neural network is",2, formed and is arranged between the neural network and the kineed network. The kineed network is formed and the kineed network is formed. The kineed network is formed by the kineed network and is arranged in an identical location. The kineed network is formed and the kineed network is formed. The kineed network is formed on a separate cell.
"In machine learning, a neural network is",3," an economical, robust network of networks. As a result, a network can be a safe, predictable network.

The primary goal of the network is to provide a network that will protect the network against any natural, unpredictable, or extremely unpredictable patterns.

Adoption of a network is a key feature that enables multiple network operators to communicate via a network. Using a network, the network can"
"Once upon a time, there was a little girl who",1," first read a book in the Bible that formed a connection with the Jews. She had a family, a family, the wife and children. She had a sister, a sister, and a sister. She was very much like her stepfather. She was a natural mom to them. She was very sweet and cared for and loved them in the past. She always had a love that was universal to"
"Once upon a time, there was a little girl who",2," would have been so much fun to play with, and she would likely have been a little bit more fun. I think she was a little bit more fun than I thought, but it was not one I could do with. We also had some games in the books that were not as fun as some of the characters were.

The story was pretty much a high school drama. The story was"
"Once upon a time, there was a little girl who",3," was a little girl but still was ""a little girl."" She has a wonderful personality, and although she is known for her style, she is also famous for her elegant looks. In the 1980s, one of my friends was a sweet boy walking around the city, his name was Charles Smith. He was thirteen when I met him, and my first thought was that he was born in the City"
The best way to cook pasta is,1," to make it a part of the recipe, such as a salad, a salad or a salad. These days, it’s often considered the best way to cook pasta.

“I love the way pasta is made and made,” said Ben. “We’re not afraid of it. We make pasta with two ingredients, the most important of which is the"
The best way to cook pasta is,2," to bring it to the table.

Humans are real, and they make them. They will always make it, but they will always make it.

If you love the fruits, you can prepare a few different kinds of pasta that have special needs, like the ones you can prepare for you.

Good food, good food, good food, and good food will be all"
The best way to cook pasta is,3," to order the dumids.

Finally I find the recipe for the pasta recipe to be a perfect fit. I nearly forgot to make a recipe for a pasta dish, but I have not yet done the recipe! It was my first time using a recipe that was made in the week before Thanksgiving. I’m trying to use the ingredients again, but I was only able to make"
Scientists have discovered a new species of,1," bacteria that can be found in the breast cancer cell line.

That food, known to be a key component of cancer cells, has caused cancer cells to spread to the breast, called breast cancer.

Researchers have recently discovered a new species called "" Graduate Epithelioma"" that can be found in breast cancer cells. The same genes that are involved in the tumor spread to the"
Scientists have discovered a new species of,2," bacteria, known to have evolved from bacteria that originated in the biological host.

As part of their work, researchers decided on a new species of bacteria called an ""antipenoid"" that was capable of reaching out and changing the way the bacteria were cooked.

""My guess is that the important thing is the sense that the bacteria are able to spread the bacteria across the body."
Scientists have discovered a new species of,3," bacteria called Infant-like bacteria that holds the secret to the control of viruses.

“We’re developing our own standard bedtime procedure,” says Dr. Merci A. Acapulco, a professor of Chemistry at the Department of Chemistry and Biochemistry at the University of California Irvine. “You can treat your baby with the same antibiotics as a child"
The stock market fell sharply today after,1," some early news reports that a potential tax break of 10%.

The stock market has been climbing ever since. The company’s tax rate dropped to 3.9%.

As of Wednesday, the company has been selling out its online stock market. It’s now up to 28% cash flow.

For more information on tax rates, please visit our website at www"
The stock market fell sharply today after,2," a falling bear market. However, the company is still being recognised as one of the world's best players, with a pretense that it has successfully provided a bit of a clue into what makes its top performing stocks.

As of today, the stock market fell 0.1% to 0.2% after a falling bear market. However, the stock market fell 0.5% to"
The stock market fell sharply today after,3," a record high of 2%.

The company said its results indicate that the company is not having a great deal of growth, but that its stock has been climbing since the market reached the low of 2%.

|||EMAIL_ADDRESS|||

Copyright owned or licensed by the copyright owner. All materials and comments are the sole property of their respective authors. Please see"
def fibonacci(n):,1,"(1(3)

Cultural and cosmetic properties of adhesives.

Cultural and cosmetic properties of adhesives.

Cultural and cosmetic properties of adhesives.

Cultural and cosmetic properties of adhesives.

Cultural and cosmetic properties of adhesives.

Cultural and cosmetic properties of adhesives.

C"
def fibonacci(n):,2," a new or more sensitive technique.

The adhesion protein is used to play a role in the formation of fibonacci(n): a new or more sensitive technique.

The adhesion protein is a protein that plays a role in the formation of fibonacci(n): a new or more sensitive technique.

The adhesion protein is a protein that plays a role in"
def fibonacci(n):,3, S-t1: S-tO-t3: S-tNtO-t4: S-tO-t1: S-tKM-t1: S-tKM-t1: S-TKM-t1: S-tKM-t1: S-tKM-t1: S-tK
